USE HOTEL_X;
INSERT INTO MANAGER (ManagerID, FirstName, LastName, PhoneNumber)
VALUES
("M01", "Randall", "Tate", "0119824585"),
("M02", "Elena", "Richards", "0194759245"),
("M03", "Raymond", "Juniors", "0144285923"),
("M04", "Alex", "Jackson", "0194828582");

INSERT INTO BRANCH (BranchID, Branch, ManagerID, BranchAddress)
VALUES
("B01", "Penang", "M01", "Bandar Seberang Jaya, 13700 Pulau Pinan" ),
("B02", "Kuala Lumpur", "M02", "50400 Kuala Lumpur, Malaysia"),
("B03", "Perak", "M03", "31400 Ipoh, Perak"),
("B04", "Perlis", "M04", "6070 Magazine Street");

INSERT INTO registration (RegistrationID, Email, MailingAddress, StreetZIP, City, State, Country)
VALUES
("R001", "alice@gmail.com", "123 Maple Street", "12345", "Kuala Lumpur", "Selangor", "Malaysia"),
("R002", "bob@yahoo.com", "456 Oak Avenue", "67890", "George Town", "Penang", "Malaysia"),
("R003", "carol@gmail.com", "789 Pine Road", "11223", "Kuala Lumpur Bahru", "Kuala Lumpur", "Malaysia"),
("R004", "dave@yahoo.com", "321 Cedar Boulevard", "33445", "Malacca City", "Malacca", "Malaysia"),
("R005", "eve@gmail.com", "654 Spruce Drive", "55667", "Kota Kinabalu", "Sabah", "Malaysia"),
("R006", "frank@yahoo.com", "987 Birch Lane", "66778", "Kuching", "Sarawak", "Malaysia"),
("R007", "grace@gmail.com", "543 Elm Circle", "22334", "Ipoh", "Perak", "Malaysia"),
("R008", "heidi@yahoo.com", "876 Willow Court", "77889", "Shah Alam", "Selangor", "Malaysia"),
("R009", "ivan@gmail.com", "222 Cedar Lane", "99887", "Alor Setar", "Kedah", "Malaysia"),
("R010", "judy@yahoo.com", "333 Pine Street", "44322", "Kuantan", "Pahang", "Malaysia"),
("R011", "karl@gmail.com", "121 Oak Road", "66789", "Kuala Terengganu", "Terengganu", "Malaysia"),
("R012", "leo@yahoo.com", "432 Maple Drive", "44556", "Seremban", "Negeri Sembilan", "Malaysia"),
("R013", "mary@gmail.com", "654 Elm Boulevard", "12367", "George Town", "Penang", "Malaysia"),
("R014", "nick@yahoo.com", "789 Birch Lane", "88990", "Kota Bahru", "Kelantan", "Malaysia"),
("R015", "olive@gmail.com", "123 Spruce Street", "44557", "Sandakan", "Sabah", "Malaysia"),
("R016", "pete@yahoo.com", "987 Willow Avenue", "77890", "Miri", "Sarawak", "Malaysia"),
("R017", "quinn@gmail.com", "654 Cedar Circle", "33466", "Kajang", "Selangor", "Malaysia"),
("R018", "rachel@yahoo.com", "876 Pine Drive", "55678", "Kuala Lumpur", "Wilayah Persekutuan", "Malaysia"),
("R019", "steve@gmail.com", "222 Oak Boulevard", "99889", "Putrajaya", "Wilayah Persekutuan", "Malaysia"),
("R020", "tina@yahoo.com", "333 Birch Lane", "11234", "Cyberjaya", "Selangor", "Malaysia"),
("R021", "ursula@gmail.com", "543 Cedar Road", "22445", "Subang Jaya", "Selangor", "Malaysia"),
("R022", "victor@yahoo.com", "876 Spruce Avenue", "66790", "Petaling Jaya", "Selangor", "Malaysia"),
("R023", "wendy@gmail.com", "123 Willow Street", "88991", "Kota Samarahan", "Sarawak", "Malaysia"),
("R024", "xander@yahoo.com", "654 Elm Circle", "44558", "Butterworth", "Penang", "Malaysia"),
('R025', 'mark.davis@gmail.com', '789 Elm Street', '12345', 'Kuala Lumpur', 'Wilayah Persekutuan', 'Malaysia'),
('R026', 'nina.lopez@gmail.com', '456 Pine Avenue', '67890', 'George Town', 'Penang', 'Malaysia'),
('R027', 'oliver.clark@yahoo.com', '123 Birch Road', '11223', 'Kuala Lumpur Bahru', 'Kuala Lumpur', 'Malaysia'),
('R028', 'sophia.evans@gmail.com', '321 Oak Boulevard', '33445', 'Malacca City', 'Malacca', 'Malaysia'),
('R029', 'quincy.lewis@yahoo.com', '654 Spruce Drive', '55667', 'Kota Kinabalu', 'Sabah', 'Malaysia'),
('R030', 'rita.martinez@gmail.com', '987 Cedar Lane', '66778', 'Kuching', 'Sarawak', 'Malaysia'),
('R031', 'tim.white@yahoo.com', '543 Elm Circle', '22334', 'Ipoh', 'Perak', 'Malaysia'),
('R032', 'uma.taylor@gmail.com', '876 Willow Court', '77889', 'Shah Alam', 'Selangor', 'Malaysia'),
('R033', 'vic.rodriguez@yahoo.com', '222 Cedar Lane', '99887', 'Alor Setar', 'Kedah', 'Malaysia'),
('R034', 'wendy.thomas@gmail.com', '333 Pine Street', '44322', 'Kuantan', 'Pahang', 'Malaysia'),
('R035', 'xander.johnson@yahoo.com', '444 Maple Drive', '66789', 'Kuala Terengganu', 'Terengganu', 'Malaysia');

 
INSERT INTO customer (CustomerID, RegistrationID, FirstName, LastName, PhoneNumber, MailingAddress, Gender) VALUES
('C001', 'R001', 'Alice', 'Johnson', '1234567890', '123 Maple Street', 'F'),
('C002', 'R002', 'Bob', 'Smith', '0987654321', '456 Oak Avenue', 'M'),
('C003', 'R003', 'Carol', 'Brown', '2345678901', '789 Pine Road', 'F'),
('C004', 'R004', 'Dave', 'Williams', '3456789012', '321 Cedar Boulevard', 'M'),
('C005', 'R005', 'Eve', 'Jones', '4567890123', '654 Spruce Drive', 'F'),
('C006', 'R006', 'Frank', 'Garcia', '5678901234', '987 Birch Lane', 'M'),
('C007', 'R007', 'Grace', 'Martinez', '6789012345', '543 Elm Circle', 'F'),
('C008', 'R008', 'Heidi', 'Taylor', '7890123456', '876 Willow Court', 'F'),
('C009', 'R009', 'Ivan', 'Anderson', '8901234567', '222 Cedar Lane', 'M'),
('C010', 'R010', 'Judy', 'Thomas', '9012345678', '333 Pine Street', 'M'),
('C011', 'R011', 'Karl', 'Jackson', '1123456789', '121 Oak Road', 'M'),
('C012', 'R012', 'Leo', 'White', '2234567890', '432 Maple Drive', 'M'),
('C013', 'R013', 'Mary', 'Harris', '3345678901', '654 Elm Boulevard', 'F'),
('C014', 'R014', 'Nick', 'Clark', '4456789012', '789 Birch Lane', 'M'),
('C015', 'R015', 'Olive', 'Rodriguez', '5567890123', '123 Spruce Street', 'F'),
('C016', 'R016', 'Pete', 'Lewis', '6678901234', '987 Willow Avenue', 'M'),
('C017', 'R017', 'Quinn', 'Walker', '7789012345', '654 Cedar Circle', 'F'),
('C018', 'R018', 'Rachel', 'Allen', '8890123456', '876 Pine Drive', 'F'),
('C019', 'R019', 'Steve', 'Young', '9901234567', '222 Oak Boulevard', 'M'),
('C020', 'R020', 'Tina', 'King', '1012345678', '333 Birch Lane', 'F'),
('C021', 'R021', 'Ursula', 'Wright', '1123456789', '543 Cedar Road', 'M'),
('C022', 'R022', 'Victor', 'Scott', '1234567890', '876 Spruce Avenue', 'F'),
('C023', 'R023', 'Wendy', 'Green', '1345678901', '123 Willow Street', 'F'),
('C024', 'R024', 'Xander', 'Adams', '1456789012', '654 Elm Circle', 'M'),
('C025', 'R025', 'Mark', 'Davis', '9876543210', '789 Elm Street', 'M'),
('C026', 'R026', 'Nina', 'Lopez', '8765432109', '456 Pine Avenue', 'F'),
('C027', 'R027', 'Oliver', 'Clark', '7654321098', '123 Birch Road', 'M'),
('C028', 'R028', 'Sophia', 'Evans', '6543210987', '321 Oak Boulevard', 'F'),
('C029', 'R029', 'Quincy', 'Lewis', '5432109876', '654 Spruce Drive', 'M'),
('C030', 'R030', 'Rita', 'Martinez', '4321098765', '987 Cedar Lane', 'F'),
('C031', 'R031', 'Tim', 'White', '3210987654', '543 Elm Circle', 'M'),
('C032', 'R032', 'Uma', 'Taylor', '2109876543', '876 Willow Court', 'F'),
('C033', 'R033', 'Vic', 'Rodriguez', '1098765432', '222 Cedar Lane', 'M'),
('C034', 'R034', 'Wendy', 'Thomas', '0987654321', '333 Pine Street', 'F'),
('C035', 'R035', 'Xander', 'Johnson', '9876543210', '444 Maple Drive', 'M');


INSERT INTO preferences (PreferenceNo, Preference) VALUES
('P001', 'High floor'),
('P002', 'Sea view'),
('P003', 'Non-smoking room'),
('P004', 'King size bed'),
('P005', 'Close to elevator'),
('P006', 'Late check-in'),
('P007', 'Early check-out'),
('P008', 'Extra pillows'),
('P009', 'Adjoining room'),
('P010', 'Room with balcony'),
('P011', 'Quiet room'),
('P012', 'Free minibar'),
('P013', 'Corner room'),
('P014', 'Near gym'),
('P015', 'Garden view'),
('P016', 'Pet-friendly room'),
('P017', 'Accessible room'),
('P018', 'Breakfast included'),
('P019', 'Top floor'),
('P020', 'Suite'),
('P021', 'Late check-out'),
('P022', 'Low floor'),
('P023', 'Poolside room'),
('P024', 'Mountain view'),
('P025', 'Low Floor');

INSERT INTO reservation (ReservationID, RegistrationID, BranchID, Check_in, Check_out, PreferenceNo, BookingDate, TotalPrice) VALUES
('RE001', 'R001', 'B01', '2023-01-01', '2023-01-05', 'P005', '2022-11-02', 150.00),
('RE002', 'R002', 'B03', '2023-02-10', '2023-02-15', 'P012', '2023-02-01', 400.00),
('RE003', 'R003', 'B02', '2023-03-15', '2023-03-20', 'P007', '2023-02-29', 400.00),
('RE004', 'R004', 'B04', '2023-04-05', '2023-04-10', 'P016', '2023-04-01', 150.00),
('RE005', 'R005', 'B02', '2023-05-01', '2023-05-05', 'P003', '2023-04-15', 150.00),
('RE006', 'R006', 'B01', '2023-06-12', '2023-06-18', 'P010', '2023-06-10', 400.00),
('RE007', 'R007', 'B03', '2023-07-22', '2023-07-27', 'P004', '2023-07-19', 400.00),
('RE008', 'R008', 'B04', '2023-08-14', '2023-08-19', 'P014', '2023-08-12', 700.00),
('RE009', 'R009', 'B01', '2023-09-08', '2023-09-12', 'P001', '2023-09-05', 150.00),
('RE010', 'R010', 'B02', '2023-10-20', '2023-10-25', 'P008', '2023-10-18', 400.00),
('RE011', 'R011', 'B04', '2023-11-03', '2023-11-08', 'P006', '2023-11-01', 700.00),
('RE012', 'R012', 'B03', '2023-12-15', '2023-12-20', 'P017', '2023-12-12', 150.00),
('RE013', 'R013', 'B02', '2024-01-25', '2024-01-30', 'P015', '2024-01-22', 700.00),
('RE014', 'R014', 'B01', '2024-02-05', '2024-02-10', 'P002', '2024-02-02', 150.00),
('RE015', 'R015', 'B04', '2024-03-12', '2024-03-18', 'P009', '2024-03-11', 400.00),
('RE016', 'R016', 'B03', '2024-04-18', '2024-04-23', 'P011', '2024-04-11', 700.00),
('RE017', 'R017', 'B01', '2024-05-22', '2024-05-27', 'P020', '2024-05-11', 150.00),
('RE018', 'R018', 'B04', '2024-06-14', '2024-06-19', 'P013', '2024-06-09', 700.00),
('RE019', 'R019', 'B02', '2024-07-06', '2024-07-12', 'P019', '2024-07-04', 150.00),
('RE020', 'R020', 'B03', '2024-08-15', '2024-08-20', 'P018', '2024-08-06', 400.00),
('RE021', 'R021', 'B01', '2024-09-10', '2024-09-15', 'P024', '2024-09-09', 150.00),
('RE022', 'R022', 'B02', '2024-10-04', '2024-10-10', 'P021', '2024-10-02', 400.00),
('RE023', 'R023', 'B04', '2024-11-16', '2024-11-21', 'P023', '2024-11-11', 700.00),
('RE024', 'R024', 'B01', '2024-12-01', '2024-12-06', 'P022', '2024-11-20', 400.00),
('RE025', 'R024', 'B02', '2024-12-06', '2024-12-07', 'P023', '2024-12-01', 150.00);

INSERT INTO RatingList (RatingScale, Rating) VALUES
(1, 'Very Dissatisfied'),
(2, 'Dissatisfied'),
(3, 'Neutral'),
(4, 'Satisfied'),
(5, 'Very Satisfied');

INSERT INTO ReservationRating (ReservationID, RegistrationID, RatingScale) VALUES
('RE001', 'R001', 4),
('RE002', 'R002', 3),
('RE003', 'R003', 5),
('RE004', 'R004', 2),
('RE005', 'R005', 1),
('RE006', 'R006', 3),
('RE007', 'R007', 4),
('RE008', 'R008', 5),
('RE009', 'R009', 2),
('RE010', 'R010', 3),
('RE011', 'R011', 4),
('RE012', 'R012', 2),
('RE013', 'R013', 5),
('RE014', 'R014', 1),
('RE015', 'R015', 3),
('RE016', 'R016', 4),
('RE017', 'R017', 2),
('RE018', 'R018', 5),
('RE019', 'R019', 1),
('RE020', 'R020', 3),
('RE021', 'R021', 4),
('RE022', 'R022', 2),
('RE023', 'R023', 5),
('RE024', 'R024', 3),
('RE025', 'R024', 3);
INSERT INTO roomcapacity (RoomType, Capacity) VALUES
('Standard Double', 2),
('Deluxe Double', 2),
('Standard Twin', 4);

INSERT INTO room (RoomID, RoomType, Capacity, Location, BranchID) VALUES
('PE001', 'Standard Double', 2, 'Front View', 'B03'),
('PG001', 'Deluxe Double', 2, 'Rear View', 'B01'),
('KL001', 'Standard Twin', 4, 'Front View', 'B02'),
('PR001', 'Standard Double', 2, 'Rear View', 'B04'),
('PE002', 'Standard Twin', 4, 'Front View', 'B03'),
('PG002', 'Standard Double', 2, 'Rear View', 'B01'),
('KL002', 'Deluxe Double', 2, 'Front View', 'B02'),
('PR002', 'Standard Twin', 4, 'Rear View', 'B04'),
('PE003', 'Deluxe Double', 2, 'Front View', 'B03'),
('PG003', 'Standard Twin', 4, 'Rear View', 'B01'),
('KL003', 'Standard Double', 2, 'Front View', 'B02'),
('PR003', 'Deluxe Double', 2, 'Rear View', 'B04'),
('PE004', 'Standard Twin', 4, 'Front View', 'B03'),
('PG004', 'Deluxe Double', 2, 'Rear View', 'B01'),
('KL004', 'Standard Twin', 4, 'Front View', 'B02'),
('PR004', 'Standard Double', 2, 'Rear View', 'B04'),
('PE005', 'Standard Double', 2, 'Front View', 'B03'),
('PG005', 'Standard Twin', 4, 'Rear View', 'B01'),
('KL005', 'Deluxe Double', 2, 'Front View', 'B02'),
('PR005', 'Standard Twin', 4, 'Rear View', 'B04'),
('PE006', 'Deluxe Double', 2, 'Front View', 'B03'),
('PG006', 'Standard Twin', 4, 'Rear View', 'B01'),
('KL006', 'Standard Double', 2, 'Front View', 'B02'),
('PR006', 'Deluxe Double', 2, 'Rear View', 'B04'),
('PE007', 'Standard Twin', 4, 'Front View', 'B03'),
('PG007', 'Deluxe Double', 2, 'Rear View', 'B01'),
('KL007', 'Standard Twin', 4, 'Front View', 'B02'),
('PR007', 'Standard Double', 2, 'Rear View', 'B04'),
('PE008', 'Standard Double', 2, 'Front View', 'B03'),
('PG008', 'Standard Twin', 4, 'Rear View', 'B01'),
('KL008', 'Deluxe Double', 2, 'Front View', 'B02'),
('PR008', 'Standard Twin', 4, 'Rear View', 'B04'),
('PE009', 'Deluxe Double', 2, 'Front View', 'B03'),
('PG009', 'Standard Twin', 4, 'Rear View', 'B01'),
('KL009', 'Standard Double', 2, 'Front View', 'B02'),
('PR009', 'Deluxe Double', 2, 'Rear View', 'B04'),
('PE010', 'Standard Twin', 4, 'Front View', 'B03'),
('PG010', 'Deluxe Double', 2, 'Rear View', 'B01'),
('KL010', 'Standard Twin', 4, 'Front View', 'B02'),
('PR010', 'Standard Double', 2, 'Rear View', 'B04'),
('PE011', 'Standard Double', 2, 'Front View', 'B03'),
('PG011', 'Standard Twin', 4, 'Rear View', 'B01'),
('KL011', 'Deluxe Double', 2, 'Front View', 'B02'),
('PR011', 'Standard Twin', 4, 'Rear View', 'B04'),
('PE012', 'Deluxe Double', 2, 'Front View', 'B03'),
('PG012', 'Standard Twin', 4, 'Rear View', 'B01'),
('KL012', 'Standard Double', 2, 'Front View', 'B02'),
('PR012', 'Deluxe Double', 2, 'Rear View', 'B04'),
('PE013', 'Standard Twin', 4, 'Front View', 'B03'),
('PG013', 'Deluxe Double', 2, 'Rear View', 'B01'),
('KL013', 'Standard Twin', 4, 'Front View', 'B02'),
('PR013', 'Standard Double', 2, 'Rear View', 'B04'),
('PE014', 'Standard Double', 2, 'Front View', 'B03'),
('PG014', 'Standard Twin', 4, 'Rear View', 'B01'),
('KL014', 'Deluxe Double', 2, 'Front View', 'B02'),
('PR014', 'Standard Twin', 4, 'Rear View', 'B04'),
('PE015', 'Deluxe Double', 2, 'Front View', 'B03'),
('PG015', 'Standard Twin', 4, 'Rear View', 'B01'),
('KL015', 'Standard Double', 2, 'Front View', 'B02'),
('PR015', 'Deluxe Double', 2, 'Rear View', 'B04'),
('PE016', 'Standard Twin', 4, 'Front View', 'B03'),
('PG016', 'Deluxe Double', 2, 'Rear View', 'B01'),
('KL016', 'Standard Twin', 4, 'Front View', 'B02'),
('PR016', 'Standard Double', 2, 'Rear View', 'B04'),
('PE017', 'Standard Double', 2, 'Front View', 'B03'),
('PG017', 'Standard Twin', 4, 'Rear View', 'B01'),
('KL017', 'Deluxe Double', 2, 'Front View', 'B02'),
('PR017', 'Standard Twin', 4, 'Rear View', 'B04'),
('PE018', 'Deluxe Double', 2, 'Front View', 'B03'),
('PG018', 'Standard Twin', 4, 'Rear View', 'B01'),
('KL018', 'Standard Double', 2, 'Front View', 'B02'),
('PR018', 'Deluxe Double', 2, 'Rear View', 'B04'),
('PE019', 'Standard Twin', 4, 'Front View', 'B03'),
('PG019', 'Deluxe Double', 2, 'Rear View', 'B01'),
('KL019', 'Standard Twin', 4, 'Front View', 'B02'),
('PR019', 'Standard Double', 2, 'Rear View', 'B04'),
('PE020', 'Standard Double', 2, 'Front View', 'B03'),
('PG020', 'Standard Twin', 4, 'Rear View', 'B01'),
('KL020', 'Deluxe Double', 2, 'Front View', 'B02'),
('PR020', 'Standard Twin', 4, 'Rear View', 'B04'),
('PE021', 'Deluxe Double', 2, 'Front View', 'B03'),
('PG021', 'Standard Twin', 4, 'Rear View', 'B01'),
('KL021', 'Standard Double', 2, 'Front View', 'B02'),
('PR021', 'Deluxe Double', 2, 'Rear View', 'B04'),
('PE022', 'Standard Twin', 4, 'Front View', 'B03'),
('PG022', 'Deluxe Double', 2, 'Rear View', 'B01'),
('KL022', 'Standard Twin', 4, 'Front View', 'B02'),
('PR022', 'Standard Double', 2, 'Rear View', 'B04'),
('PE023', 'Standard Double', 2, 'Front View', 'B03'),
('PG023', 'Standard Twin', 4, 'Rear View', 'B01'),
('KL023', 'Deluxe Double', 2, 'Front View', 'B02'),
('PR023', 'Standard Twin', 4, 'Rear View', 'B04'),
('PE024', 'Deluxe Double', 2, 'Front View', 'B03'),
('PG024', 'Standard Twin', 4, 'Rear View', 'B01'),
('KL024', 'Standard Double', 2, 'Front View', 'B02'),
('PR024', 'Deluxe Double', 2, 'Rear View', 'B04'),
('PE025', 'Standard Twin', 4, 'Front View', 'B03'),
('PG025', 'Deluxe Double', 2, 'Rear View', 'B01'),
('KL025', 'Standard Twin', 4, 'Front View', 'B02'),
('PR025', 'Standard Double', 2, 'Rear View', 'B04'),
('PE026', 'Standard Double', 2, 'Front View', 'B03'),
('PG026', 'Deluxe Double', 2, 'Rear View', 'B01'),
('KL026', 'Standard Twin', 4, 'Front View', 'B02'),
('PR026', 'Standard Twin', 4, 'Rear View', 'B04'),
('PE027', 'Standard Twin', 4, 'Front View', 'B03'),
('PG027', 'Deluxe Double', 2, 'Rear View', 'B01'),
('KL027', 'Standard Double', 2, 'Front View', 'B02'),
('PR027', 'Deluxe Double', 2, 'Rear View', 'B04'),
('PE028', 'Standard Twin', 4, 'Front View', 'B03'),
('PG028', 'Deluxe Double', 2, 'Rear View', 'B01'),
('KL028', 'Standard Double', 2, 'Front View', 'B02'),
('PR028', 'Standard Twin', 4, 'Rear View', 'B04'),
('PE029', 'Deluxe Double', 2, 'Front View', 'B03'),
('PG029', 'Standard Twin', 4, 'Rear View', 'B01'),
('KL029', 'Standard Double', 2, 'Front View', 'B02'),
('PR029', 'Deluxe Double', 2, 'Rear View', 'B04'),
('PE030', 'Standard Twin', 4, 'Front View', 'B03'),
('PG030', 'Deluxe Double', 2, 'Rear View', 'B01'),
('KL030', 'Standard Double', 2, 'Front View', 'B02'),
('PR030', 'Deluxe Double', 2, 'Rear View', 'B04');

INSERT INTO RoomDetails (RoomID, RoomType, Branch) VALUES
('PE001', 'Standard Double', 'Perak'),
('PG001', 'Deluxe Double', 'Penang'),
('KL001', 'Standard Twin', 'Kuala Lumpur'),
('PR001', 'Standard Double', 'Perlis'),
('PE002', 'Standard Twin', 'Perak'),
('PG002', 'Standard Double', 'Penang'),
('KL002', 'Deluxe Double', 'Kuala Lumpur'),
('PR002', 'Standard Twin', 'Perlis'),
('PE003', 'Deluxe Double', 'Perak'),
('PG003', 'Standard Twin', 'Penang'),
('KL003', 'Standard Double', 'Kuala Lumpur'),
('PR003', 'Deluxe Double', 'Perlis'),
('PE004', 'Standard Twin', 'Perak'),
('PG004', 'Deluxe Double', 'Penang'),
('KL004', 'Standard Twin', 'Kuala Lumpur'),
('PR004', 'Standard Double', 'Perlis'),
('PE005', 'Standard Double', 'Perak'),
('PG005', 'Standard Twin', 'Penang'),
('KL005', 'Deluxe Double', 'Kuala Lumpur'),
('PR005', 'Standard Twin', 'Perlis'),
('PE006', 'Deluxe Double', 'Perak'),
('PG006', 'Standard Twin', 'Penang'),
('KL006', 'Standard Double', 'Kuala Lumpur'),
('PR006', 'Deluxe Double', 'Perlis'),
('PE007', 'Standard Twin', 'Perak'),
('PG007', 'Deluxe Double', 'Penang'),
('KL007', 'Standard Twin', 'Kuala Lumpur'),
('PR007', 'Standard Double', 'Perlis'),
('PE008', 'Standard Double', 'Perak'),
('PG008', 'Standard Twin', 'Penang'),
('KL008', 'Deluxe Double', 'Kuala Lumpur'),
('PR008', 'Standard Twin', 'Perlis'),
('PE009', 'Deluxe Double', 'Perak'),
('PG009', 'Standard Twin', 'Penang'),
('KL009', 'Standard Double', 'Kuala Lumpur'),
('PR009', 'Deluxe Double', 'Perlis'),
('PE010', 'Standard Twin', 'Perak'),
('PG010', 'Deluxe Double', 'Penang'),
('KL010', 'Standard Twin', 'Kuala Lumpur'),
('PR010', 'Standard Double', 'Perlis'),
('PE011', 'Standard Double', 'Perak'),
('PG011', 'Standard Twin', 'Penang'),
('KL011', 'Deluxe Double', 'Kuala Lumpur'),
('PR011', 'Standard Twin', 'Perlis'),
('PE012', 'Deluxe Double', 'Perak'),
('PG012', 'Standard Twin', 'Penang'),
('KL012', 'Standard Double', 'Kuala Lumpur'),
('PR012', 'Deluxe Double', 'Perlis'),
('PE013', 'Standard Twin', 'Perak'),
('PG013', 'Deluxe Double', 'Penang'),
('KL013', 'Standard Twin', 'Kuala Lumpur'),
('PR013', 'Standard Double', 'Perlis'),
('PE014', 'Standard Double', 'Perak'),
('PG014', 'Standard Twin', 'Penang'),
('KL014', 'Deluxe Double', 'Kuala Lumpur'),
('PR014', 'Standard Twin', 'Perlis'),
('PE015', 'Deluxe Double', 'Perak'),
('PG015', 'Standard Twin', 'Penang'),
('KL015', 'Standard Double', 'Kuala Lumpur'),
('PR015', 'Deluxe Double', 'Perlis'),
('PE016', 'Standard Twin', 'Perak'),
('PG016', 'Deluxe Double', 'Penang'),
('KL016', 'Standard Twin', 'Kuala Lumpur'),
('PR016', 'Standard Double', 'Perlis'),
('PE017', 'Standard Double', 'Perak'),
('PG017', 'Standard Twin', 'Penang'),
('KL017', 'Deluxe Double', 'Kuala Lumpur'),
('PR017', 'Standard Twin', 'Perlis'),
('PE018', 'Deluxe Double', 'Perak'),
('PG018', 'Standard Twin', 'Penang'),
('KL018', 'Standard Double', 'Kuala Lumpur'),
('PR018', 'Deluxe Double', 'Perlis'),
('PE019', 'Standard Twin', 'Perak'),
('PG019', 'Deluxe Double', 'Penang'),
('KL019', 'Standard Twin', 'Kuala Lumpur'),
('PR019', 'Standard Double', 'Perlis'),
('PE020', 'Standard Double', 'Perak'),
('PG020', 'Standard Twin', 'Penang'),
('KL020', 'Deluxe Double', 'Kuala Lumpur'),
('PR020', 'Standard Twin', 'Perlis'),
('PE021', 'Deluxe Double', 'Perak'),
('PG021', 'Standard Twin', 'Penang'),
('KL021', 'Standard Double', 'Kuala Lumpur'),
('PR021', 'Deluxe Double', 'Perlis'),
('PE022', 'Standard Twin', 'Perak'),
('PG022', 'Deluxe Double', 'Penang'),
('KL022', 'Standard Twin', 'Kuala Lumpur'),
('PR022', 'Standard Double', 'Perlis'),
('KL023', 'Standard Double', 'Kuala Lumpur'),
('KL024', 'Deluxe Double', 'Kuala Lumpur'),
('KL025', 'Standard Twin', 'Kuala Lumpur'),
('KL026', 'Standard Double', 'Kuala Lumpur'),
('KL027', 'Standard Twin', 'Kuala Lumpur'),
('KL028', 'Deluxe Double', 'Kuala Lumpur'),
('KL029', 'Standard Double', 'Kuala Lumpur'),
('KL030', 'Deluxe Double', 'Kuala Lumpur'),
('PR023', 'Deluxe Double', 'Perlis'),
('PR024', 'Standard Twin', 'Perlis'),
('PR025', 'Standard Double', 'Perlis'),
('PR026', 'Standard Twin', 'Perlis'),
('PR027', 'Deluxe Double', 'Perlis'),
('PR028', 'Standard Twin', 'Perlis'),
('PR029', 'Deluxe Double', 'Perlis'),
('PR030', 'Standard Twin', 'Perlis'),
('PE023', 'Standard Twin', 'Perak'),
('PE024', 'Deluxe Double', 'Perak'),
('PE025', 'Standard Twin', 'Perak'),
('PE026', 'Standard Double', 'Perak'),
('PE027', 'Deluxe Double', 'Perak'),
('PE028', 'Standard Twin', 'Perak'),
('PE029', 'Deluxe Double', 'Perak'),
('PE030', 'Standard Twin', 'Perak'),
('PG023', 'Standard Double', 'Penang'),
('PG024', 'Deluxe Double', 'Penang'),
('PG025', 'Standard Twin', 'Penang'),
('PG026', 'Deluxe Double', 'Penang'),
('PG027', 'Standard Twin', 'Penang'),
('PG028', 'Deluxe Double', 'Penang'),
('PG029', 'Standard Twin', 'Penang'),
('PG030', 'Deluxe Double', 'Penang');

INSERT INTO price (Price, DurationInDays, RoomType) VALUES
(150.00, 1, 'Standard Double'),
(400.00, 3, 'Standard Double'),
(700.00, 7, 'Standard Double');

INSERT INTO invoice (InvoiceNo, ReservationID, Price) VALUES
('I001', 'RE001', 150.00),
('I002', 'RE002', 400.00),
('I003', 'RE003', 400.00),
('I004', 'RE004', 150.00),
('I005', 'RE005', 150.00),
('I006', 'RE006', 400.00),
('I007', 'RE007', 400.00),
('I008', 'RE008', 700.00),
('I009', 'RE009', 150.00),
('I010', 'RE010', 400.00),
('I011', 'RE011', 700.00),
('I012', 'RE012', 150.00),
('I013', 'RE013', 700.00),
('I014', 'RE014', 150.00),
('I015', 'RE015', 400.00),
('I016', 'RE016', 700.00),
('I017', 'RE017', 150.00),
('I018', 'RE018', 700.00),
('I019', 'RE019', 150.00),
('I020', 'RE020', 400.00),
('I021', 'RE021', 150.00),
('I022', 'RE022', 400.00),
('I023', 'RE023', 700.00),
('I024', 'RE024', 400.00),
('I025', 'RE025', 150.00);

INSERT INTO reservationroom (RoomID, ReservationID) VALUES
('PE001', 'RE001'),
('PG001', 'RE002'),
('KL001', 'RE003'),
('PR001', 'RE004'),
('PE002', 'RE005'),
('PG002', 'RE006'),
('KL002', 'RE007'),
('PR002', 'RE008'),
('PE003', 'RE009'),
('PG003', 'RE010'),
('KL003', 'RE011'),
('PR003', 'RE012'),
('PE004', 'RE013'),
('PG004', 'RE014'),
('KL004', 'RE015'),
('PR004', 'RE016'),
('PE005', 'RE017'),
('PG005', 'RE018'),
('KL005', 'RE019'),
('PR005', 'RE020'),
('PE006', 'RE021'),
('PG006', 'RE022'),
('KL006', 'RE023'),
('KL009', 'RE025'),
('PR006', 'RE024'),
('PE007', 'RE001'),
('PG007', 'RE002'),
('KL007', 'RE003'),
('PR007', 'RE004'),
('PE008', 'RE005'),
('PG008', 'RE006'),
('KL008', 'RE007'),
('PR008', 'RE008');







